POD/p,ap95 obs 1,ap95 obs 5,ap95 obs 9,ap95 obs 13,ap95 obs 17
1.000000000000000021e-02,1.551929872944933786e-01,2.081085991692110670e-01,2.450666961476443695e-01,2.703673233339577986e-01,2.876026056990097501e-01
1.492462311557788898e-02,1.660145154625312369e-01,2.154866807072295387e-01,2.500510829734220453e-01,2.737358466088835596e-01,2.898962749786095916e-01
1.984924623115577949e-02,1.741205322625088980e-01,2.210188923680092843e-01,2.537944402813018252e-01,2.762717309020409351e-01,2.916285618086312814e-01
2.477386934673366653e-02,1.806825195736312117e-01,2.255011975859904927e-01,2.568315122855553967e-01,2.783332709911091607e-01,2.930405063488155104e-01
2.969849246231155704e-02,1.862405507373386393e-01,2.293006675686903306e-01,2.594090359894636322e-01,2.800859350515276791e-01,2.942435822391856193e-01
3.462311557788944755e-02,1.910902498493182444e-01,2.326182813223555135e-01,2.616621628904374219e-01,2.816204239435103895e-01,2.952989622202220610e-01
3.954773869346733806e-02,1.954118100733089058e-01,2.355765697946320958e-01,2.636733208420169450e-01,2.829920888966485082e-01,2.962440132090768952e-01
4.447236180904522856e-02,1.993235394880150946e-01,2.382559979860582045e-01,2.654966567389212551e-01,2.842373093571106124e-01,2.971033149130127282e-01
4.939698492462311907e-02,2.029074772679893002e-01,2.407123731546358947e-01,2.671697353682774834e-01,2.853813356856588768e-01,2.978939403106437012e-01
5.432160804020100958e-02,2.062229497830364022e-01,2.429860586971693825e-01,2.687197330330615697e-01,2.864424430557295231e-01,2.986282543815083623e-01
5.924623115577890009e-02,2.093143097822122711e-01,2.451072351014084438e-01,2.701669748200355992e-01,2.874343047307199028e-01,2.993155141063135738e-01
6.417085427135678366e-02,2.122156245618467274e-01,2.470990872843443764e-01,2.715270781027786517e-01,2.883674307265151060e-01,2.999628389163579434e-01
6.909547738693466723e-02,2.149536547095820815e-01,2.489798299861734066e-01,2.728123148969883172e-01,2.892500824872627496e-01,3.005758280045668362e-01
7.402010050251256468e-02,2.175498225485220094e-01,2.507640463585572577e-01,2.740325124080333352e-01,2.900888776900208965e-01,3.011589687000243432e-01
7.894472361809044825e-02,2.200215564975916693e-01,2.524636022547214753e-01,2.751956682321575753e-01,2.908892035287745648e-01,3.017159156484578442e-01
8.386934673366834569e-02,2.223832353062396849e-01,2.540882884584713119e-01,2.763083825637728808e-01,2.916555071427660017e-01,3.022496870834155969e-01
8.879396984924622926e-02,2.246468674659453657e-01,2.556462828332753956e-01,2.773761692591591443e-01,2.923915046929554395e-01,3.027628061755150424e-01
9.371859296482411283e-02,2.268225904637392598e-01,2.571444899533473771e-01,2.784036844680711775e-01,2.931003350695877141e-01,3.032574049874398603e-01
9.864321608040201028e-02,2.289190444962574678e-01,2.585887953536086248e-01,2.793948978118654392e-01,2.937846750001428808e-01,3.037353023509345440e-01
1.035678391959798939e-01,2.309436568327522532e-01,2.599842590060956748e-01,2.803532226615254586e-01,2.944468266730695394e-01,3.041980631691912351e-01
1.084924623115577913e-01,2.329028613766734312e-01,2.613352647173897148e-01,2.812816167473019546e-01,2.950887854207892569e-01,3.046470442384408006e-01
1.134170854271356749e-01,2.348022704333361799e-01,2.626456370135681895e-01,2.821826608825330762e-01,2.957122926899422577e-01,3.050834301200527343e-01
1.183417085427135723e-01,2.366468106900448398e-01,2.639187336785377980e-01,2.830586212966855197e-01,2.963188779908679238e-01,3.055082615576778515e-01
1.232663316582914559e-01,2.384408320295554606e-01,2.651575198094227037e-01,2.839114995238657957e-01,2.969098924781926607e-01,3.059224582316939500e-01
1.281909547738693533e-01,2.401881954628231342e-01,2.663646276647895772e-01,2.847430727246982873e-01,2.974865360967900441e-01,3.063268371585764482e-01
1.331155778894472508e-01,2.418923448290857814e-01,2.675424054675617502e-01,2.855549265699197092e-01,2.980498797238403941e-01,3.067221277026532800e-01
1.380402010050251482e-01,2.435563657445148078e-01,2.686929575308770191e-01,2.863484822799972629e-01,2.986008833788853511e-01,3.071089839252458265e-01
1.429648241206030179e-01,2.451830344375915405e-01,2.698181775017082784e-01,2.871250190291473880e-01,2.991404113144318089e-01,3.074879948209143232e-01
1.478894472361809154e-01,2.467748584922429267e-01,2.709197760972896774e-01,2.878856926396011762e-01,2.996692446097627416e-01,3.078596928621560314e-01
1.528140703517588128e-01,2.483341110625870707e-01,2.719993043983970349e-01,2.886315512826184704e-01,3.001880917498958024e-01,3.082245611787536865e-01
1.577386934673367103e-01,2.498628597806667739e-01,2.730581735305502855e-01,2.893635487459235156e-01,3.006975975661922429e-01,3.085830396266641684e-01
1.626633165829145800e-01,2.513629913193450860e-01,2.740976713878712223e-01,2.900825557085112694e-01,3.011983508352933936e-01,3.089355299473367511e-01
1.675879396984924774e-01,2.528362323744691720e-01,2.751189769195703794e-01,2.907893693730526641e-01,3.016908907720518007e-01,3.092824001770729248e-01
1.725125628140703749e-01,2.542841676776940174e-01,2.761231723951379502e-01,2.914847217361585252e-01,3.021757126050690911e-01,3.096239884341960846e-01
1.774371859296482445e-01,2.557082555326246620e-01,2.771112539835247079e-01,2.921692867223674717e-01,3.026532723868629593e-01,3.099606061870314733e-01
1.823618090452261420e-01,2.571098412738925254e-01,2.780841409182895907e-01,2.928436863650842881e-01,3.031239911620027816e-01,3.102925410862810152e-01
1.872864321608040394e-01,2.584901689753328347e-01,2.790426834707128712e-01,2.935084961840381257e-01,3.035882585939073675e-01,3.106200594300431161e-01
1.922110552763819369e-01,2.598503916750473652e-01,2.799876699131437219e-01,2.941642498820694618e-01,3.040464361329952014e-01,3.109434083175336427e-01
1.971356783919598066e-01,2.611915803384199375e-01,2.809198326230595288e-01,2.948114434626428748e-01,3.044988597944635611e-01,3.112628175378041040e-01
2.020603015075377040e-01,2.625147317425448601e-01,2.818398534527216670e-01,2.954505388522416509e-01,3.049458426023743951e-01,3.115785012318918468e-01
2.069849246231156015e-01,2.638207754350729295e-01,2.827483684685848653e-01,2.960819670978369067e-01,3.053876767473224230e-01,3.118906593604695576e-01
2.119095477386934712e-01,2.651105798956812643e-01,2.836459721477400664e-01,2.967061311982557847e-01,3.058246354973097603e-01,3.121994790038732925e-01
2.168341708542713686e-01,2.663849580080722146e-01,2.845332211048524074e-01,2.973234086189608383e-01,3.062569748951833315e-01,3.125051355171421519e-01
2.217587939698492661e-01,2.676446719337082780e-01,2.854106374116924805e-01,2.979341535320980672e-01,3.066849352708341803e-01,3.128077935592056269e-01
2.266834170854271635e-01,2.688904374646857165e-01,2.862787115619602196e-01,2.985386988173380218e-01,3.071087425920968617e-01,3.131076080124651217e-01
2.316080402010050332e-01,2.701229279216881274e-01,2.871379051263024396e-01,2.991373578537781519e-01,3.075286096747446019e-01,3.134047248066154645e-01
2.365326633165829306e-01,2.713427776534051428e-01,2.879886531359160395e-01,2.997304261287902505e-01,3.079447372690255480e-01,3.136992816585498223e-01
2.414572864321608281e-01,2.725505851857951689e-01,2.888313662276834060e-01,3.003181826860247261e-01,3.083573150377104666e-01,3.139914087385136665e-01
2.463819095477386978e-01,2.737469160628495657e-01,2.896664325792068229e-01,3.009008914316994021e-01,3.087665224385449103e-01,3.142812292712633404e-01
2.513065326633165952e-01,2.749323054148322121e-01,2.904942196582414038e-01,3.014788023156926289e-01,3.091725295222426118e-01,3.145688600797948986e-01
2.562311557788944927e-01,2.761072602851669111e-01,2.913150758077589497e-01,3.020521524017571457e-01,3.095754976556733817e-01,3.148544120781984201e-01
2.611557788944723901e-01,2.772722617430578018e-01,2.921293316850869237e-01,3.026211668392957965e-01,3.099755801786323040e-01,3.151379907193390673e-01
2.660804020100502876e-01,2.784277668054446764e-01,2.929373015712025685e-01,3.031860597475421470e-01,3.103729230015030982e-01,3.154196964023318617e-01
2.710050251256281850e-01,2.795742101889195363e-01,2.937392845642305961e-01,3.037470350216213699e-01,3.107676651502062626e-01,3.156996248441544251e-01
2.759296482412060270e-01,2.807120059096714360e-01,2.945355656694514934e-01,3.043042870687947543e-01,3.111599392640308492e-01,3.159778674192034176e-01
2.808542713567839244e-01,2.818415487473320824e-01,2.953264167966362930e-01,3.048580014821818951e-01,3.115498720512717146e-01,3.162545114701399984e-01
2.857788944723618219e-01,2.829632155866950716e-01,2.961120976742253608e-01,3.054083556583824244e-01,3.119375847070034458e-01,3.165296405929698409e-01
2.907035175879397193e-01,2.840773666496411165e-01,2.968928566887553133e-01,3.059555193646686377e-01,3.123231932968172919e-01,3.168033348989599540e-01
2.956281407035176167e-01,2.851843466281798189e-01,2.976689316569690047e-01,3.064996552607635039e-01,3.127068091099055591e-01,3.170756712556925261e-01
3.005527638190955142e-01,2.862844857282773603e-01,2.984405505371969802e-01,3.070409193796525549e-01,3.130885389844945133e-01,3.173467235093000438e-01
3.054773869346734116e-01,2.873781006330646814e-01,2.992079320858685998e-01,3.075794615713818292e-01,3.134684856082939342e-01,3.176165626896941263e-01
3.104020100502512536e-01,2.884654953930734789e-01,2.999712864643648280e-01,3.081154259133606077e-01,3.138467477963385877e-01,3.178852572004060573e-01
3.153266331658291510e-01,2.895469622503257789e-01,3.007308158008661358e-01,3.086489510903101530e-01,3.142234207483414754e-01,3.181528729944815836e-01
3.202512562814070485e-01,2.906227824023762119e-01,3.014867147113522994e-01,3.091801707466649840e-01,3.145985962874550679e-01,3.184194737377200046e-01
3.251758793969849459e-01,2.916932267117690603e-01,3.022391707834789498e-01,3.097092138139427853e-01,3.149723630821391618e-01,3.186851209604147916e-01
3.301005025125628434e-01,2.927585563658122725e-01,3.029883650266737560e-01,3.102362048153383678e-01,3.153448068526589765e-01,3.189498741986330210e-01
3.350251256281407408e-01,2.938190234910737497e-01,3.037344722914548378e-01,3.107612641495738348e-01,3.157160105635860026e-01,3.192137911259684824e-01
3.399497487437186383e-01,2.948748717265673447e-01,3.044776616606796882e-01,3.112845083558304915e-01,3.160860546035363372e-01,3.194769276766097899e-01
3.448743718592964802e-01,2.959263367592081528e-01,3.052180968151639862e-01,3.118060503614144552e-01,3.164550169532617807e-01,3.197393381604829443e-01
3.497989949748743777e-01,2.969736468247711203e-01,3.059559363758783124e-01,3.123259997136469401e-01,3.168229733431028872e-01,3.200010753711575728e-01
3.547236180904522751e-01,2.980170231772820144e-01,3.066913342247203356e-01,3.128444627973296366e-01,3.171899974007164058e-01,3.202621906871371826e-01
3.596482412060301725e-01,2.990566805294958552e-01,3.074244398056742433e-01,3.133615430390122025e-01,3.175561607899079486e-01,3.205227341671018637e-01
3.645728643216080700e-01,3.000928274668747120e-01,3.081553984080051545e-01,3.138773410991744228e-01,3.179215333413225597e-01,3.207827546396154750e-01
3.694974874371859674e-01,3.011256668372612189e-01,3.088843514329859263e-01,3.143919550533387786e-01,3.182861831756808035e-01,3.210422997877681039e-01
3.744221105527638649e-01,3.021553961182480430e-01,3.096114366455235967e-01,3.149054805630377984e-01,3.186501768201864260e-01,3.213014162291797371e-01
3.793467336683417068e-01,3.031822077640712876e-01,3.103367884119331843e-01,3.154180110374821822e-01,3.190135793186798518e-01,3.215601495917591590e-01
3.842713567839196043e-01,3.042062895336996586e-01,3.110605379250016567e-01,3.159296377867037431e-01,3.193764543360608776e-01,3.218185445855740734e-01
3.891959798994975017e-01,3.052278248016511708e-01,3.117828134173881161e-01,3.164404501668831027e-01,3.197388642574637285e-01,3.220766450711645690e-01
3.941206030150753992e-01,3.062469928529449326e-01,3.125037403643233236e-01,3.169505357185155581e-01,3.201008702826272367e-01,3.223344941246013007e-01
3.990452261306532966e-01,3.072639691634819759e-01,3.132234416764922424e-01,3.174599802980148655e-01,3.204625325158683147e-01,3.225921340995694941e-01
4.039698492462311941e-01,3.082789256670486755e-01,3.139420378839174464e-01,3.179688682033112168e-01,3.208239100520366427e-01,3.228496066867362346e-01
4.088944723618090915e-01,3.092920310100440440e-01,3.146596473115961246e-01,3.184772822939556658e-01,3.211850610587991817e-01,3.231069529706416810e-01
4.138190954773869334e-01,3.103034507949521958e-01,3.153763862475910673e-01,3.189853041062069017e-01,3.215460428555797501e-01,3.233642134843360272e-01
4.187437185929648309e-01,3.113133478135064469e-01,3.160923691042234474e-01,3.194930139635427380e-01,3.219069119894543141e-01,3.236214282619700455e-01
4.236683417085427283e-01,3.123218822704247888e-01,3.168077085729707476e-01,3.200004910830083205e-01,3.222677243082843201e-01,3.238786368895328893e-01
4.285929648241206258e-01,3.133292119985383595e-01,3.175225157736346060e-01,3.205078136777853581e-01,3.226285350313510270e-01,3.241358785539182885e-01
4.335175879396985232e-01,3.143354926660804627e-01,3.182369003983044897e-01,3.210150590563448092e-01,3.229893988177380271e-01,3.243931920904900568e-01
4.384422110552764207e-01,3.153408779768552272e-01,3.189509708506125807e-01,3.215223037185196420e-01,3.233503698326953280e-01,3.246506160293073373e-01
4.433668341708543181e-01,3.163455198639627541e-01,3.196648343807454995e-01,3.220296234488196352e-01,3.237115018122036503e-01,3.249081886401624097e-01
4.482914572864321601e-01,3.173495686777190183e-01,3.203785972166527940e-01,3.225370934072894769e-01,3.240728481259489424e-01,3.251659479765744987e-01
4.532160804020100575e-01,3.183531733683750420e-01,3.210923646918692476e-01,3.230447882181983199e-01,3.244344618389045642e-01,3.254239319188789170e-01
4.581407035175879550e-01,3.193564816642087689e-01,3.218062413703475788e-01,3.235527820568337987e-01,3.247963957717108774e-01,3.256821782165422174e-01
4.630653266331658524e-01,3.203596402455371472e-01,3.225203311686808960e-01,3.240611487346643504e-01,3.251587025600350400e-01,3.259407245298309719e-01
4.679899497487437499e-01,3.213627949151726670e-01,3.232347374760778935e-01,3.245699617831202533e-01,3.255214347130855335e-01,3.261996084709565813e-01
4.729145728643216473e-01,3.223660907658280061e-01,3.239495632724416208e-01,3.250792945362389053e-01,3.258846446714523948e-01,3.264588676448159088e-01
4.778391959798995448e-01,3.233696723449547283e-01,3.246649112448898866e-01,3.255892202124093804e-01,3.262483848644371909e-01,3.267185396894428107e-01
4.827638190954773867e-01,3.243736838174891557e-01,3.253808839030477573e-01,3.260998119954473529e-01,3.266127077670364920e-01,3.269786623162854178e-01
4.876884422110552841e-01,3.253782691269646032e-01,3.260975836934335570e-01,3.266111431152266542e-01,3.269776659567362187e-01,3.272392733504206896e-01
4.926130653266331816e-01,3.263835721554407265e-01,3.268151131132549514e-01,3.271232869280895073e-01,3.273433121702746251e-01,3.275004107708187062e-01
4.975376884422110790e-01,3.273897368826941268e-01,3.275335748239269762e-01,3.276363169972565381e-01,3.277096993605302933e-01,3.277621127507658882e-01
5.024623115577889765e-01,3.283969075451093622e-01,3.282530717646227059e-01,3.281503071734555577e-01,3.280768807536909581e-01,3.280244176985595561e-01
5.073869346733668184e-01,3.294052287947069058e-01,3.289737072661645945e-01,3.286653316759886589e-01,3.284449099068595945e-01,3.282873642985846274e-01
5.123115577889447714e-01,3.304148458587451986e-01,3.296955851655674063e-01,3.291814651744596754e-01,3.288138407662555829e-01,3.285509915528855851e-01
5.172361809045226133e-01,3.314259047003360603e-01,3.304188099215448760e-01,3.296987828713839330e-01,3.291837277261713823e-01,3.288153388233485686e-01
5.221608040201005663e-01,3.324385521805167665e-01,3.311434867312966768e-01,3.302173605859085037e-01,3.295546256888481906e-01,3.290804458746116601e-01
5.270854271356784082e-01,3.334529362222302673e-01,3.318697216488987745e-01,3.307372748388746619e-01,3.299265901254374023e-01,3.293463529178222160e-01
5.320100502512563612e-01,3.344692059766731229e-01,3.325976217056268447e-01,3.312586029394605225e-01,3.302996771382202823e-01,3.296131006553671416e-01
5.369346733668342031e-01,3.354875119924825566e-01,3.333272950325517625e-01,3.317814230736495507e-01,3.306739435242633252e-01,3.298807303267037860e-01
5.418592964824120450e-01,3.365080063882494033e-01,3.340588509857593258e-01,3.323058143947793530e-01,3.310494468406949276e-01,3.301492837554254045e-01
5.467839195979899980e-01,3.375308430288595507e-01,3.347924002745562566e-01,3.328318571164338158e-01,3.314262454717943340e-01,3.304188033977010219e-01
5.517085427135678399e-01,3.385561777061869559e-01,3.355280550930420658e-01,3.333596326079573124e-01,3.318043986980952487e-01,3.306893323922360794e-01
5.566331658291457929e-01,3.395841683246832443e-01,3.362659292554435186e-01,3.338892234928770852e-01,3.321839667677151664e-01,3.309609146119071865e-01
5.615577889447236348e-01,3.406149750924360453e-01,3.370061383356270923e-01,3.344207137505405547e-01,3.325650109701331902e-01,3.312335947172344586e-01
5.664824120603015878e-01,3.416487607182969732e-01,3.377487998112272960e-01,3.349541888212868024e-01,3.329475937126503693e-01,3.315074182118612489e-01
5.714070351758794297e-01,3.426856906157120242e-01,3.384940332128545393e-01,3.354897357154934534e-01,3.333317785997844673e-01,3.317824315002258495e-01
5.763316582914572717e-01,3.437259331139262963e-01,3.392419602788728228e-01,3.360274431268578943e-01,3.337176305158611189e-01,3.320586819476170626e-01
5.812562814070352246e-01,3.447696596772745758e-01,3.399927051162686120e-01,3.365674015502989058e-01,3.341052157110863674e-01,3.323362179428214214e-01
5.861809045226130666e-01,3.458170451333152373e-01,3.407463943681674490e-01,3.371097034048858299e-01,3.344946018914004560e-01,3.326150889635828833e-01
5.911055276381910195e-01,3.468682679106174782e-01,3.415031573885921601e-01,3.376544431622361953e-01,3.348858583124372235e-01,3.328953456451119175e-01
5.960301507537688614e-01,3.479235102870658070e-01,3.422631264250984851e-01,3.382017174808491511e-01,3.352790558779346619e-01,3.331770398518982823e-01
6.009547738693468144e-01,3.489829586496114855e-01,3.430264368099726902e-01,3.387516253468821348e-01,3.356742672429702812e-01,3.334602247531009422e-01
6.058793969849246563e-01,3.500468037664679066e-01,3.437932271607241352e-01,3.393042682219121198e-01,3.360715669224218494e-01,3.337449549018108863e-01
6.108040201005024983e-01,3.511152410728249906e-01,3.445636395906671590e-01,3.398597501982697500e-01,3.364710314050884943e-01,3.340312863185044834e-01
6.157286432160804512e-01,3.521884709712424510e-01,3.453378199304469320e-01,3.404181781625789660e-01,3.368727392739388482e-01,3.343192765790326537e-01
6.206532663316582932e-01,3.532666991479777030e-01,3.461159179614355930e-01,3.409796619681900176e-01,3.372767713329963279e-01,3.346089849075186695e-01
6.255778894472362461e-01,3.543501369066058837e-01,3.468980876620029186e-01,3.415443146172483235e-01,3.376832107414104445e-01,3.349004722745713147e-01
6.305025125628140881e-01,3.554390015204098030e-01,3.476844874677518793e-01,3.421122524532100306e-01,3.380921431553147172e-01,3.351938015012523864e-01
6.354271356783920410e-01,3.565335166051424864e-01,3.484752805469049086e-01,3.426835953646833466e-01,3.385036568781216171e-01,3.354890373692798189e-01
6.403517587939698830e-01,3.576339125139108566e-01,3.492706350921330749e-01,3.432584670015553785e-01,3.389178430199665248e-01,3.357862467379886251e-01
6.452763819095477249e-01,3.587404267560874715e-01,3.500707246302396380e-01,3.438369950044521950e-01,3.393347956670761389e-01,3.360854986686229173e-01
6.502010050251256779e-01,3.598533044423322114e-01,3.508757283512381475e-01,3.444193112486769182e-01,3.397546120619102661e-01,3.363868645565820659e-01
6.551256281407035198e-01,3.609727987580063080e-01,3.516858314585140088e-01,3.450055521038807305e-01,3.401773927950071386e-01,3.366904182723076677e-01
6.600502512562814728e-01,3.620991714674784423e-01,3.525012255419211482e-01,3.455958587108422519e-01,3.406032420095516655e-01,3.369962363115627801e-01
6.649748743718593147e-01,3.632326934520665462e-01,3.533221089758445399e-01,3.461903772768659682e-01,3.410322676197879987e-01,3.373043979559279815e-01
6.698994974874372677e-01,3.643736452846387253e-01,3.541486873444676942e-01,3.467892593914637112e-01,3.414645815445089272e-01,3.376149854444247533e-01
6.748241206030151096e-01,3.655223178441950327e-01,3.549811738967068031e-01,3.473926623641506173e-01,3.419002999569815127e-01,3.379280841572667171e-01
6.797487437185929515e-01,3.666790129741043791e-01,3.558197900335318686e-01,3.480007495863773892e-01,3.423395435528093222e-01,3.382437828128457835e-01
6.846733668341709045e-01,3.678440441880514444e-01,3.566647658306800750e-01,3.486136909198361278e-01,3.427824378373894310e-01,3.385621736791744607e-01
6.895979899497487464e-01,3.690177374281846667e-01,3.575163406000896327e-01,3.492316631136140326e-01,3.432291134348018913e-01,3.388833528011409579e-01
6.945226130653266994e-01,3.702004318804458793e-01,3.583747634937438642e-01,3.498548502529413295e-01,3.436797064201680962e-01,3.392074202450771070e-01
6.994472361809045413e-01,3.713924808526142263e-01,3.592402941540263628e-01,3.504834442425838192e-01,3.441343586777431129e-01,3.395344803623102647e-01
7.043718592964824943e-01,3.725942527212203759e-01,3.601132034151506844e-01,3.511176453282765508e-01,3.445932182872613048e-01,3.398646420735572660e-01
7.092964824120603362e-01,3.738061319541952643e-01,3.609937740607506718e-01,3.517576626599830392e-01,3.450564399413454386e-01,3.401980191762322137e-01
7.142211055276381781e-01,3.750285202169178489e-01,3.618823016433145301e-01,3.524037149012100856e-01,3.455241853971178223e-01,3.405347306769843096e-01
7.191457286432161311e-01,3.762618375702415641e-01,3.627790953718217359e-01,3.530560308891106946e-01,3.459966239655271059e-01,3.408749011520557648e-01
7.240703517587939730e-01,3.775065237701148990e-01,3.636844790747109646e-01,3.537148503506808983e-01,3.464739330423294850e-01,3.412186611383674073e-01
7.289949748743719260e-01,3.787630396796019538e-01,3.645987922461907949e-01,3.543804246810137171e-01,3.469562986851511543e-01,3.415661475585958229e-01
7.339195979899497679e-01,3.800318688054648564e-01,3.655223911849084795e-01,3.550530177903227780e-01,3.474439162416145810e-01,3.419175041839186413e-01
7.388442211055277209e-01,3.813135189730313401e-01,3.664556502351524747e-01,3.557329070273074212e-01,3.479369910341522099e-01,3.422728821385779829e-01
7.437688442211055628e-01,3.826085241548587978e-01,3.673989631420890856e-01,3.564203841874245549e-01,3.484357391078650168e-01,3.426324404509511479e-01
7.486934673366834048e-01,3.839174464707788559e-01,3.683527445340700202e-01,3.571157566157694974e-01,3.489403880486322551e-01,3.429963466564467378e-01
7.536180904522613577e-01,3.852408783792891089e-01,3.693174315468170654e-01,3.578193484155918758e-01,3.494511778796569046e-01,3.433647774582665457e-01
7.585427135678391997e-01,3.865794450830318807e-01,3.702934856063434532e-01,3.585315017749972077e-01,3.499683620457695321e-01,3.437379194529113779e-01
7.634673366834171526e-01,3.879338071743163585e-01,3.712813943898600755e-01,3.592525784261667021e-01,3.504922084961320516e-01,3.441159699282854145e-01
7.683919597989949946e-01,3.893046635503916164e-01,3.722816739866948166e-01,3.599829612534959922e-01,3.510230008775225841e-01,3.444991377433880841e-01
7.733165829145729475e-01,3.906927546325671963e-01,3.732948712845082229e-01,3.607230560694803523e-01,3.515610398521823998e-01,3.448876442999143643e-01
7.782412060301507895e-01,3.920988659284210809e-01,3.743215666099056760e-01,3.614732935800135660e-01,3.521066445563186265e-01,3.452817246176403954e-01
7.831658291457286314e-01,3.935238319823947672e-01,3.753623766570365339e-01,3.622341315641146586e-01,3.526601542178406934e-01,3.456816285273091038e-01
7.880904522613065843e-01,3.949685407672240967e-01,3.764179577430775692e-01,3.630060572970471022e-01,3.532219299548444713e-01,3.460876219968968548e-01
7.930150753768844263e-01,3.964339385771356583e-01,3.774890094357846171e-01,3.637895902504797996e-01,3.537923567798381130e-01,3.464999886097127613e-01
7.979396984924623792e-01,3.979210354938233496e-01,3.785762786057779161e-01,3.645852851089091962e-01,3.543718458388420700e-01,3.469190312158387246e-01
8.028643216080402212e-01,3.994309115082644857e-01,3.796805639651608111e-01,3.653937351482188789e-01,3.549608369194434676e-01,3.473450737820711898e-01
8.077889447236181741e-01,4.009647233958871793e-01,3.808027211647902477e-01,3.662155760302348018e-01,3.555598012678129471e-01,3.477784634699069288e-01
8.127135678391960161e-01,4.025237124599987948e-01,3.819436685354223870e-01,3.670514900767501421e-01,3.561692447618410307e-01,3.482195729763918335e-01
8.176381909547738580e-01,4.041092132794454894e-01,3.831043935735788941e-01,3.679022110981270410e-01,3.567897114961924854e-01,3.486688031790384223e-01
8.225628140703518110e-01,4.057226636220688798e-01,3.842859602919652118e-01,3.687685298657298327e-01,3.574217878455929753e-01,3.491265861337840559e-01
8.274874371859296529e-01,4.073656157168041858e-01,3.854895175774739613e-01,3.696513003347250970e-01,3.580661070855029049e-01,3.495933884844490969e-01
8.324120603015076059e-01,4.090397491156791410e-01,3.867163087283026490e-01,3.705514467450146676e-01,3.587233546651142913e-01,3.500697153538128714e-01
8.373366834170854478e-01,4.107468854244151757e-01,3.879676823769082072e-01,3.714699717542865320e-01,3.593942742470891405e-01,3.505561148008212724e-01
8.422613065326634008e-01,4.124890052392753970e-01,3.892451050492468645e-01,3.724079657897438889e-01,3.600796746526745973e-01,3.510531829463328646e-01
8.471859296482412427e-01,4.142682677014731252e-01,3.905501756653978473e-01,3.733666178457910045e-01,3.607804378810920420e-01,3.515615698921727428e-01
8.521105527638190846e-01,4.160870331731549854e-01,3.918846423554423475e-01,3.743472280061926893e-01,3.614975284101847874e-01,3.520819865864110443e-01
8.570351758793970376e-01,4.179478896564084445e-01,3.932504220515885551e-01,3.753512220341373995e-01,3.622320040335648694e-01,3.526152128234462113e-01
8.619597989949748795e-01,4.198536837266372834e-01,3.946496234287444893e-01,3.763801684564974659e-01,3.629850285510959340e-01,3.531621066129996822e-01
8.668844221105528325e-01,4.218075569444677542e-01,3.960845739087900386e-01,3.774357986751716298e-01,3.637578867087971624e-01,3.537236152107053888e-01
8.718090452261306744e-01,4.238129889604656531e-01,3.975578516293730158e-01,3.785200307766781735e-01,3.645520018870599399e-01,3.543007881789727032e-01
8.767336683417086274e-01,4.258738488543256651e-01,3.990723235209556186e-01,3.796349978921728652e-01,3.653689571706467132e-01,3.548947929462945572e-01
8.816582914572864693e-01,4.279944566828077224e-01,4.006311909568205376e-01,3.807830821992687076e-01,3.662105206118059786e-01,3.555069334646650536e-01
8.865829145728643113e-01,4.301796577883201245e-01,4.022380448693431143e-01,3.819669559764432565e-01,3.670786757353378671e-01,3.561386727403830221e-01
8.915075376884422642e-01,4.324349131998790896e-01,4.038969328044754170e-01,3.831896315520637031e-01,3.679756586551384268e-01,3.567916602506463475e-01
8.964321608040201061e-01,4.347664105237288301e-01,4.056124411770680172e-01,3.844545225793556953e-01,3.689040036099899278e-01,3.574677655824282652e-01
9.013567839195980591e-01,4.371812011959144151e-01,4.073897970841904304e-01,3.857655198844360811e-01,3.698665993330879087e-01,3.581691200788369445e-01
9.062814070351759010e-01,4.396873720400148455e-01,4.092349955703982745e-01,3.871270862799975343e-01,3.708667595217537971e-01,3.588981689083040050e-01
9.112060301507538540e-01,4.422942620260879587e-01,4.111549604302037197e-01,3.885443763706332709e-01,3.719083118887280270e-01,3.596577368706503908e-01
9.161306532663316959e-01,4.450127394091829558e-01,4.131577498110278746e-01,3.900233897447938913e-01,3.729957120386527825e-01,3.604511125577241626e-01
9.210552763819095379e-01,4.478555607531433669e-01,4.152528225757896596e-01,3.915711694490016659e-01,3.741341910175303154e-01,3.612821574130170021e-01
9.259798994974874908e-01,4.508378428897410473e-01,4.174513884678971998e-01,3.931960629208307023e-01,3.753299493117607799e-01,3.621554491417175448e-01
9.309045226130653328e-01,4.539776935953563353e-01,4.197668760557611289e-01,3.949080707092303966e-01,3.765904161387241822e-01,3.630764734111014413e-01
9.358291457286432857e-01,4.572970701017604611e-01,4.222155697536068564e-01,3.967193212240949785e-01,3.779246024794984393e-01,3.640518848924796935e-01
9.407537688442211277e-01,4.608229726098367340e-01,4.248174954604332365e-01,3.986447308173813875e-01,3.793435919763892272e-01,3.650898702962015463e-01
9.456783919597990806e-01,4.645891441221102758e-01,4.275976819755150649e-01,4.007029440046402380e-01,3.808612402424748633e-01,3.662006656127982929e-01
9.506030150753769226e-01,4.686385602521523364e-01,4.305880087447546134e-01,4.029177108262699258e-01,3.824951994178162340e-01,3.673973140437487017e-01
9.555276381909547645e-01,4.730271983436860617e-01,4.338300031801090029e-01,4.053199722189638754e-01,3.842684695681530260e-01,3.686968138700360553e-01
9.604522613065327175e-01,4.778299720035836806e-01,4.373792453635929611e-01,4.079511439671983930e-01,3.862118420750033088e-01,3.701219266346347792e-01
9.653768844221105594e-01,4.831505321121717933e-01,4.413126430211393725e-01,4.108685411246668084e-01,3.883679361860846724e-01,3.717041649142105442e-01
9.703015075376885124e-01,4.891384428139072815e-01,4.457411816868695476e-01,4.141548858976412117e-01,3.907982753372675200e-01,3.734890312255085276e-01
9.752261306532663543e-01,4.960216556025752177e-01,4.508340330858491285e-01,4.179362875507136588e-01,3.935966711366122861e-01,3.755459292022004791e-01
9.801507537688443072e-01,5.041744321398927697e-01,4.568689851398331503e-01,4.224198578767046075e-01,3.969172292091346921e-01,3.779889084079223194e-01
9.850753768844221492e-01,5.142811215548636072e-01,4.643540539232627884e-01,4.279844350814885345e-01,4.010419111369599166e-01,3.810267258891102404e-01
9.899999999999999911e-01,5.278278054566867272e-01,4.743926029167516711e-01,4.354530191755064394e-01,4.065834731251367629e-01,3.851132784038678314e-01
